date,classification,avg_pnl,win_rate,total_volume,avg_proxy_leverage,sentiment_flag,week
2023-05-01,Greed,0.0,0.0,905394.256,28.875073164123908,3.0,2023-05-01
2023-12-05,Extreme Greed,0.0,0.0,1102369349.1,11719.018316498703,4.0,2023-12-04
2023-12-14,Greed,-18.675885181818188,0.36363636363636365,1153254780.191541,10030.883613076025,3.0,2023-12-11
2023-12-15,Greed,-12.316016999999999,0.0,31638.8709,1.5135528627670645,3.0,2023-12-11
2023-12-16,Greed,0.0,0.0,5904.8201407999995,0.18831808624440005,3.0,2023-12-11
2023-12-17,Greed,21.78448464285714,0.5,137380341.7539717,938.8650445064737,3.0,2023-12-11
2023-12-18,Greed,0.0,0.0,67888039.25999999,3247.6549651339124,3.0,2023-12-18
2023-12-19,Greed,66.70257413333334,0.6666666666666666,71639116.6003124,456.9467322194331,3.0,2023-12-18
2023-12-20,Greed,9.040682333333333,0.4444444444444444,982169.6091852,5.220602173557718,3.0,2023-12-18
2023-12-21,Greed,10.963498000000001,0.5306122448979592,11496651.39172,22.448219265383383,3.0,2023-12-18
2023-12-22,Greed,14.1832675,0.2,2599552948.5798497,24871.689129953087,3.0,2023-12-18
2023-12-23,Greed,11.302823384615383,0.6153846153846154,377930.75528419996,2.781477148041091,3.0,2023-12-18
2023-12-24,Greed,25.862050153846155,0.38461538461538464,8970515856.752634,22006.928088307777,3.0,2023-12-18
2023-12-25,Greed,-81.69378266666666,0.0,136228969.18899998,4344.650329221391,3.0,2023-12-25
2023-12-27,Greed,-25.174615249999995,0.14285714285714285,66441.4646515,0.2270323682074493,3.0,2023-12-25
2023-12-28,Greed,-42.20569026086957,0.0,39062.611544499996,0.16249501860957274,3.0,2023-12-25
2023-12-29,Greed,10.178442859999999,0.3,2854561104.08819,5462.305079965659,3.0,2023-12-25
2023-12-30,Greed,6.826897076923077,0.4423076923076923,13400613348.281301,24656.30229666647,3.0,2023-12-25
2024-01-01,Greed,-7.196192222222223,0.05555555555555555,4522447566.08159,24038.515723239434,3.0,2024-01-01
2024-01-02,Greed,46.11641858823529,0.47058823529411764,4436094853.617868,24966.548962252728,3.0,2024-01-01
2024-01-03,Greed,12.925604582089552,0.417910447761194,449849199.9397708,642.389986873982,3.0,2024-01-01
2024-01-04,Greed,-13.520728,0.0,220831101.759,4225.682355249149,3.0,2024-01-01
2024-01-05,Greed,2.486993409090909,0.19696969696969696,53683650401.456,77822.41738069219,3.0,2024-01-01
2024-01-06,Greed,6.16280290909091,0.45454545454545453,4606759742.71105,20034.54553418964,3.0,2024-01-01
2024-01-07,Greed,-8.615270463917525,0.09278350515463918,16203529294.314886,15982.492064841661,3.0,2024-01-01
2024-01-08,Greed,-2.1083940546875,0.25,34747023401.7518,25972.529620180172,3.0,2024-01-08
2024-01-09,Extreme Greed,-11.804998042857143,0.2571428571428571,17164584695.786184,23460.748995958205,4.0,2024-01-08
2024-01-10,Greed,-7.860576901554404,0.21243523316062177,45747782578.04337,22678.762477563858,3.0,2024-01-08
2024-01-11,Extreme Greed,-7.813785761904761,0.23809523809523808,4786649099.92536,21808.154222852983,4.0,2024-01-08
2024-01-12,Greed,-275.0741462857143,0.0,9171437093.039999,125356.24216113707,3.0,2024-01-08
2024-01-15,Neutral,10.918112857142857,0.6428571428571429,2119638446.3179998,14485.729317837055,2.0,2024-01-15
2024-01-16,Greed,-255.4634953333333,0.3333333333333333,4027410905.0710483,42814.41805609637,3.0,2024-01-15
2024-01-17,Greed,15.344794547169812,0.20754716981132076,17086282276.63124,30844.54160961471,3.0,2024-01-15
2024-01-18,Greed,1.4985476086956522,0.06521739130434782,9088973810.251,18904.432013668124,3.0,2024-01-15
2024-01-19,Neutral,-8.029567395833334,0.125,9722835815.945,19380.20327109411,2.0,2024-01-15
2024-01-20,Neutral,-1.3827817924528305,0.14150943396226415,22142592684.141174,19986.153521671768,2.0,2024-01-15
2024-01-21,Greed,24.234649636363642,0.2727272727272727,2203532998.2269206,19166.088380848163,3.0,2024-01-15
2024-01-22,Greed,16.18401128235294,0.27058823529411763,5497215729.758504,6187.717359611905,3.0,2024-01-22
2024-01-23,Neutral,-8.20543844444444,0.24444444444444444,8949358346.990698,19027.68694991731,2.0,2024-01-22
2024-01-24,Neutral,-41.29932080882353,0.14705882352941177,18723696364.869125,26344.45934280549,2.0,2024-01-22
2024-01-25,Neutral,-515.6048975,0.0,5854749.80231,93.36061488076264,2.0,2024-01-22
2024-01-26,Neutral,18.04,0.2,2256.61734242,0.043181182407992895,2.0,2024-01-22
2024-01-28,Neutral,-225.27906545454545,0.0,307056.71268,2.670745615288278,2.0,2024-01-22
2024-01-29,Greed,6.5751694864864865,0.6081081081081081,8844395743.799696,11435.181451479322,3.0,2024-01-29
2024-01-30,Greed,-3.5439630816326537,0.10204081632653061,9130178923.696001,17827.474403452932,3.0,2024-01-29
2024-01-31,Greed,-0.93113017112922,0.2689173457508731,144255203545.33182,16067.375269792677,3.0,2024-01-29
2024-02-01,Greed,0.0,0.0,184.29575739,0.0029388045280871987,3.0,2024-01-29
2024-02-02,Greed,10.867225547619048,0.30952380952380953,9229525506.26183,21025.033529975262,3.0,2024-01-29
2024-02-03,Greed,3.9876640535714283,0.10714285714285714,13743488387.156525,23480.944710761134,3.0,2024-01-29
2024-02-04,Greed,1.360682714285714,0.2571428571428571,4620546289.27121,12630.830123540354,3.0,2024-01-29
2024-02-05,Greed,-0.4646415833333337,0.19444444444444445,13697658556.817276,18202.056285801766,3.0,2024-02-05
2024-02-06,Greed,-0.19817638511029412,0.1645220588235294,188142993231.8677,16544.961726716294,3.0,2024-02-05
2024-02-07,Greed,16.082808,0.13333333333333333,36876.760976000005,0.2352166836008532,3.0,2024-02-05
2024-02-08,Greed,77.07560240000001,0.4,239378.309259,2.290294912283353,3.0,2024-02-05
2024-02-11,Greed,28.924799294117648,0.20588235294117646,5086654791.6724825,14313.965334487428,3.0,2024-02-05
2024-02-12,Greed,57.11761168749999,0.375,5430746426.21688,32474.775357590916,3.0,2024-02-12
2024-02-13,Extreme Greed,39.960277857142856,1.0,120.799226,0.0008255487593555848,4.0,2024-02-12
2024-02-14,Greed,34.509908405405405,0.7477477477477478,2616351199.8461375,2255.1720191105464,3.0,2024-02-12
2024-02-15,Greed,29.219010746031746,0.9047619047619048,2881938489.269506,4376.740229105531,3.0,2024-02-12
2024-02-16,Greed,30.174554032967034,0.8021978021978022,2742038240.0707016,1441.480368932381,3.0,2024-02-12
2024-02-17,Extreme Greed,20.52810425531915,0.648936170212766,3001845121.805149,3055.392729615278,4.0,2024-02-12
2024-02-18,Greed,4.923967319587628,0.6288659793814433,1765414.3643242,1.7413318145984824,3.0,2024-02-12
2024-02-19,Extreme Greed,42.750183792079206,0.7623762376237624,3488597.7200418,3.304731133978828,4.0,2024-02-19
2024-02-20,Greed,83.68279035897436,0.7948717948717948,4600515.37823106,11.286219512300764,3.0,2024-02-19
2024-02-21,Extreme Greed,84.49084409090909,0.6818181818181818,1138849.2602159,4.952792990013055,4.0,2024-02-19
2024-02-22,Greed,44.25119397727272,0.45454545454545453,2635327.5021507,2.8652237032156034,3.0,2024-02-19
2024-02-23,Extreme Greed,9.91995055944056,0.958041958041958,1406282.5109609999,0.9408993129602242,4.0,2024-02-19
2024-02-25,Greed,-6.1541,0.0,2540.8239728,0.04861957823935652,3.0,2024-02-19
2024-02-26,Greed,113.25249487179488,0.8717948717948718,1276967.2275816,3.132721283510123,3.0,2024-02-26
2024-02-27,Extreme Greed,14.103360841269842,0.4126984126984127,9219902.45241978,14.00207468763944,4.0,2024-02-26
2024-02-28,Extreme Greed,55.63882744444444,0.8666666666666667,143044.53775386,0.3041342830116204,4.0,2024-02-26
2024-02-29,Extreme Greed,84.60342234482759,0.8620689655172413,4188264.56494407,3.454480387450231,4.0,2024-02-26
2024-03-01,Extreme Greed,60.176944591240876,0.9343065693430657,961447.93640648,0.6714471234413562,4.0,2024-02-26
2024-03-02,Extreme Greed,7.448406451612905,0.6774193548387096,73316.73236852,0.22628096390759658,4.0,2024-02-26
2024-03-03,Extreme Greed,105.83653474683545,0.6835443037974683,330616.54262515,0.40040925010863887,4.0,2024-02-26
2024-03-04,Extreme Greed,92.66591914,0.8866666666666667,1841623.20162987,0.5873353440825299,4.0,2024-03-04
2024-03-05,Extreme Greed,109.95014467222222,0.9055555555555556,345704.27989772003,0.18375487269856347,4.0,2024-03-04
2024-03-06,Extreme Greed,83.10762364634145,0.8780487804878049,559421.6538281799,0.6527276852652819,4.0,2024-03-04
2024-03-08,Extreme Greed,63.7594960597015,0.8805970149253731,216638.09541353,0.30936176676036026,4.0,2024-03-04
2024-03-09,Extreme Greed,85.03847541880343,0.8290598290598291,5347620.916709321,4.373019004214209,4.0,2024-03-04
2024-03-10,Extreme Greed,59.117314285714286,0.6904761904761905,5059414.317565,11.52544143213762,4.0,2024-03-04
2024-03-11,Extreme Greed,85.43284511904761,0.9285714285714286,859046.4351296999,1.9569240141493445,4.0,2024-03-11
2024-03-12,Extreme Greed,379.89575,0.875,931835.53898,11.144379583811801,4.0,2024-03-11
2024-03-13,Extreme Greed,0.0,0.0,23806567.841,325.39086874036946,4.0,2024-03-11
2024-03-14,Extreme Greed,192.5481017777778,0.8888888888888888,29428012.173267197,156.4209917294158,4.0,2024-03-11
2024-03-15,Extreme Greed,100.58892985483871,0.6612903225806451,108983210.00633505,168.18006622296045,4.0,2024-03-11
2024-03-16,Extreme Greed,28.57248,0.125,99851591.292,1194.1850131877925,4.0,2024-03-11
2024-03-17,Extreme Greed,21.882345869565217,0.43478260869565216,313640922.85961,1304.702516848794,4.0,2024-03-11
2024-03-18,Extreme Greed,76.68198421052631,0.3157894736842105,120364197.42719601,606.1084469443854,4.0,2024-03-18
2024-03-19,Extreme Greed,27.86658220833333,0.20833333333333334,31619188.356939998,126.05094012172214,4.0,2024-03-18
2024-03-20,Greed,93.08890723188406,0.8695652173913043,103080793.86483149,142.93391092804646,3.0,2024-03-18
2024-03-21,Extreme Greed,83.41100267857142,0.8214285714285714,33792847.127779804,115.47111660066246,4.0,2024-03-18
2024-03-24,Greed,68.26413036842105,0.7894736842105263,837878.7516569999,4.219239605711675,3.0,2024-03-18
2024-03-25,Extreme Greed,186.13091828571427,0.8571428571428571,204434773.665,2794.237667851953,4.0,2024-03-25
2024-03-26,Extreme Greed,27.253445703389833,0.9322033898305084,87508210.972758,70.95343264863695,4.0,2024-03-25
2024-03-27,Extreme Greed,3.9581878947368416,0.3157894736842105,315597875.684761,794.6156015618352,4.0,2024-03-25
2024-03-28,Extreme Greed,17.527000615384615,0.6923076923076923,69727945.59540354,513.180482248981,4.0,2024-03-25
2024-03-29,Extreme Greed,58.873160266666666,0.4,309037953.948,1971.184038689032,4.0,2024-03-25
2024-03-30,Extreme Greed,24.45722533333333,0.9777777777777777,19742.4104321,0.0419753451335533,4.0,2024-03-25
2024-03-31,Extreme Greed,70.21431884615384,0.7692307692307693,144790552.075,1065.6227528929635,4.0,2024-03-25
2024-04-01,Extreme Greed,32.57095332467532,0.5454545454545454,475228115.722813,590.4974339154676,4.0,2024-04-01
2024-04-02,Extreme Greed,21.555141756097562,0.2926829268292683,770154580.69115,1797.2175846642758,4.0,2024-04-01
2024-04-03,Greed,31.6971,0.25,152049.935467,3.6369125787865144,3.0,2024-04-01
2024-04-04,Greed,0.0,0.0,325796677.197,974.0994215036853,3.0,2024-04-01
2024-04-05,Extreme Greed,107.06484306,0.9,565595436.9862347,541.1435796961415,4.0,2024-04-01
2024-04-06,Extreme Greed,14.770945874999999,0.25,227260947.305,1358.974923899061,4.0,2024-04-01
2024-04-07,Extreme Greed,0.0,0.0,169840227.423,706.5116699715451,4.0,2024-04-01
2024-04-08,Extreme Greed,40.614223333333335,0.03333333333333333,578473242.6149111,1844.8821707560685,4.0,2024-04-08
2024-04-09,Extreme Greed,0.0,0.0,199797622.992,6371.998655480808,4.0,2024-04-08
2024-04-10,Extreme Greed,127.01081497560976,0.8780487804878049,1207056229.1799998,2816.7626800505977,4.0,2024-04-08
2024-04-11,Extreme Greed,24.35894775,0.125,270638138.635,1618.3618356658624,4.0,2024-04-08
2024-04-12,Extreme Greed,-4.594153790697676,0.5503875968992248,506047201.1091093,375.3253774225776,4.0,2024-04-08
2024-04-13,Greed,74.3983343258427,0.6853932584269663,506707576.4220646,544.7208570800757,3.0,2024-04-08
2024-04-14,Greed,-337.4206777570094,0.308411214953271,1763549241.0612588,1576.922775722513,3.0,2024-04-08
2024-04-15,Greed,92.05094439024391,0.8536585365853658,157445984.79555652,367.41285399539,3.0,2024-04-15
2024-04-16,Greed,52.504302574468085,0.9148936170212766,151366.75924788,0.30813374904117974,3.0,2024-04-15
2024-04-17,Greed,174.39059999999998,0.9285714285714286,498299.53105100006,3.4054072469522505,3.0,2024-04-15
2024-04-19,Greed,55.61272748571429,0.7714285714285715,1034618898.0380001,2828.2576833103653,3.0,2024-04-15
2024-04-20,Greed,0.0,0.0,37622506.8967213,163.61821966629188,3.0,2024-04-15
2024-04-22,Greed,0.0,0.0,153718467.57,1634.14334633639,3.0,2024-04-22
2024-04-23,Greed,16.962669636363636,0.5303030303030303,615290630.401828,891.9550718231634,3.0,2024-04-22
2024-04-24,Greed,13.95929535,0.3,455509468.774,2179.084274718515,3.0,2024-04-22
2024-04-25,Greed,0.0,0.0,214511286.4014178,277.34800142905226,3.0,2024-04-22
2024-04-26,Greed,0.0,0.0,606.1340069,0.01933098612070396,3.0,2024-04-22
2024-04-27,Greed,158.57363477777778,0.7037037037037037,502243661.499,1779.7430819526635,3.0,2024-04-22
2024-04-28,Greed,0.0,0.0,89007458.0077015,146.82669313585296,3.0,2024-04-22
2024-04-29,Greed,11.709640799999999,0.37777777777777777,339474137.5454927,721.7732675751932,3.0,2024-04-29
2024-04-30,Greed,0.0,0.0,377783155.25600004,1506.0450427949509,3.0,2024-04-29
2024-05-01,Neutral,0.0,0.0,253945565.196,1735.4783903285154,2.0,2024-04-29
2024-05-03,Neutral,147.3893623611111,0.4722222222222222,850382945.7422761,2260.053158528049,2.0,2024-04-29
2024-05-04,Greed,0.0,0.0,168722786.8909136,1793.650586892324,3.0,2024-04-29
2024-05-05,Greed,0.15266666666666667,0.16666666666666666,75416438.18159,1202.6005001908468,3.0,2024-04-29
2024-05-06,Greed,107.62115333333333,0.4444444444444444,642375549.474,6828.936995121253,3.0,2024-05-06
2024-05-07,Greed,49.08542738888889,0.5,305516075.27808505,1623.9332511792695,3.0,2024-05-06
2024-05-08,Greed,0.12044307692307693,0.07692307692307693,198066608.5108054,1457.7213885345793,3.0,2024-05-06
2024-05-09,Greed,40.985566285714285,0.39285714285714285,650422600.8597668,2222.5124654218116,3.0,2024-05-06
2024-05-10,Greed,95.53371340909092,0.2727272727272727,461498400.293,2007.031239094884,3.0,2024-05-06
2024-05-11,Neutral,27.956082444444444,1.0,184847325.147,1965.066600338666,2.0,2024-05-06
2024-05-12,Greed,0.0,0.0,131646403.52039161,547.6306868412983,3.0,2024-05-06
2024-05-13,Greed,76.31620925,0.35714285714285715,555304410.0713828,1897.4909110722072,3.0,2024-05-13
2024-05-14,Greed,50.02275239130436,0.17391304347826086,424581414.153,1766.1994952763096,3.0,2024-05-13
2024-05-15,Greed,26.360293944444447,0.4722222222222222,688897702.525,1830.875649952419,3.0,2024-05-13
2024-05-16,Greed,7.94777037037037,0.18518518518518517,473636302.2134727,1678.370474024882,3.0,2024-05-13
2024-05-18,Greed,140.89578644000002,0.64,394613390.976,1510.2137607519835,3.0,2024-05-13
2024-05-19,Greed,0.0,0.0,92375506.509,1104.7740354591363,3.0,2024-05-13
2024-05-20,Greed,-7.4818442,0.0,101537813.294677,971.481242026662,3.0,2024-05-20
2024-05-21,Extreme Greed,58.31518057599999,0.112,21766501963.13631,16660.39295162326,4.0,2024-05-20
2024-05-22,Extreme Greed,0.0,0.0,167979752.998,2678.627363585081,4.0,2024-05-20
2024-05-23,Extreme Greed,1.2718379353846154,0.4461538461538462,785966506.3669239,231.38078560886967,4.0,2024-05-20
2024-05-24,Greed,410.974639,1.0,195360811.23000002,9345.748021294356,3.0,2024-05-20
2024-05-25,Extreme Greed,0.8828774374999999,0.3125,93872238.48099878,561.3371749909235,4.0,2024-05-20
2024-05-26,Extreme Greed,48.66774375,0.25,99991824.495026,597.9310730465594,4.0,2024-05-20
2024-05-27,Greed,4.499425776892431,0.35856573705179284,4555475.81492021,1.7364674102403026,3.0,2024-05-27
2024-05-29,Greed,1.6938533719512194,0.4146341463414634,140449695.11614794,81.93766165649254,3.0,2024-05-27
2024-05-30,Greed,2.9930618571428576,0.7142857142857143,77340570.896004,1057.0996928581105,3.0,2024-05-27
2024-05-31,Greed,1.9506246153846154,0.3076923076923077,7856.860846630001,0.05782455805642594,3.0,2024-05-27
2024-06-01,Greed,3.66041676,0.36,15493.02251734,0.05929290879728466,3.0,2024-05-27
2024-06-02,Greed,2.074268247311828,0.3655913978494624,31801.0234986,0.03271634372329205,3.0,2024-05-27
2024-06-03,Greed,8.040117257142859,0.6285714285714286,26221.4843713,0.0358398221710271,3.0,2024-06-03
2024-06-04,Greed,0.9851214716981133,0.4716981132075472,392842917.811713,709.1688834532617,3.0,2024-06-03
2024-06-05,Extreme Greed,1.038064925925926,0.2962962962962963,72501088.928575,128.45688392517732,4.0,2024-06-03
2024-06-06,Extreme Greed,1.1716802863247862,0.42735042735042733,6338295.6241095,2.5915718083112242,4.0,2024-06-03
2024-06-07,Extreme Greed,20.23288049090909,0.4,5219223467.135676,1134.9058345281223,4.0,2024-06-03
2024-06-08,Greed,4.453063413793104,0.27586206896551724,1709371692.116692,5639.5587181428045,3.0,2024-06-03
2024-06-09,Extreme Greed,0.0,0.0,77813247.86988199,437.9365921968327,4.0,2024-06-03
2024-06-10,Greed,0.589939716981132,0.33962264150943394,88147042.443192,159.1250264033191,3.0,2024-06-10
2024-06-11,Greed,35.12708789430894,0.13821138211382114,1887403071.42391,1468.1355641046803,3.0,2024-06-10
2024-06-12,Greed,-86.16744682283463,0.08267716535433071,539985512.267692,203.4018995448977,3.0,2024-06-10
2024-06-13,Greed,83.95895082278481,0.24050632911392406,353948392.263466,428.6664218252938,3.0,2024-06-10
2024-06-14,Greed,330.9223422258064,0.4838709677419355,333783374.39062,1030.1717118788222,3.0,2024-06-10
2024-06-15,Greed,43.20459417948718,0.48717948717948717,2281042537.495817,2797.9850819423054,3.0,2024-06-10
2024-06-16,Greed,0.0,0.0,103857.02681699999,0.9033370303727822,3.0,2024-06-10
2024-06-17,Greed,278.9342730263158,0.6578947368421053,989183900.106028,2490.577473414811,3.0,2024-06-17
2024-06-18,Greed,11.3030544,0.16,824630017.09488,3155.9182425757394,3.0,2024-06-17
2024-06-19,Greed,80.12552367213115,0.5081967213114754,1209284508.21161,1896.7289258261626,3.0,2024-06-17
2024-06-20,Greed,1473.8065647692308,0.20512820512820512,109050755.4366065,267.5288881031867,3.0,2024-06-17
2024-06-21,Greed,9.66947755,0.0375,523073908.369381,625.5754305783663,3.0,2024-06-17
2024-06-22,Neutral,31.536523541666668,0.3333333333333333,592935840.198722,2363.7583370323177,2.0,2024-06-17
2024-06-23,Greed,0.0,0.0,5567.7098000000005,0.10654012443719969,3.0,2024-06-17
2024-06-24,Neutral,0.0,0.0,1356155517.603892,4185.568120924276,2.0,2024-06-24
2024-06-25,Fear,99.3745531632653,0.22448979591836735,334404.495515,0.6529540805296655,1.0,2024-06-24
2024-06-26,Neutral,58.30183586111111,0.2916666666666667,1244592759.905135,1653.8700665319,2.0,2024-06-24
2024-06-27,Fear,0.0,0.0,409662278.056495,1306.5057761381431,1.0,2024-06-24
2024-06-29,Fear,82.0043486,0.32,755363204.3754059,963.6097268029025,1.0,2024-06-24
2024-06-30,Neutral,0.0,0.0,101404857.023825,693.0065421830532,2.0,2024-06-24
2024-07-01,Neutral,79.1537391875,0.40625,1140823202.3155787,1705.4735348660884,2.0,2024-07-01
2024-07-02,Neutral,134.514062,0.7222222222222222,97555.836031,0.5185460890499252,2.0,2024-07-01
2024-07-03,Neutral,62.132626888888886,0.2222222222222222,597228838.8735,3174.4966909747145,2.0,2024-07-01
2024-07-04,Fear,0.0,0.0,1360287793.4175,5205.918985975319,1.0,2024-07-01
2024-07-05,Fear,0.0,0.0,795967386.80775,2379.8627343163366,1.0,2024-07-01
2024-07-06,Fear,4.53634075,0.2916666666666667,6066.5577623138,0.024184533157839416,1.0,2024-07-01
2024-07-07,Fear,6.1428942,1.0,1990.0125,0.019039801551939975,1.0,2024-07-01
2024-07-08,Fear,0.0,0.0,1587.4715999999999,0.15188419285477167,1.0,2024-07-08
2024-07-09,Fear,43.265627466666665,1.0,12535.418245,0.07995657506518768,1.0,2024-07-08
2024-07-10,Fear,213.88812333928573,0.6785714285714286,2107714956.722698,3601.0608784811943,1.0,2024-07-08
2024-07-11,Fear,98.77958326315789,0.47368421052631576,536298914.876,2700.5979297960744,1.0,2024-07-08
2024-07-12,Fear,74.33235021052631,0.47368421052631576,233751955.30332,1177.08619030842,1.0,2024-07-08
2024-07-13,Fear,171.38928452941175,1.0,437930854.33848596,2464.6952956846794,1.0,2024-07-08
2024-07-14,Fear,0.0,0.0,268624506.79,3671.590218847766,1.0,2024-07-08
2024-07-15,Neutral,-0.038461538461538464,0.0,570781209.707,2100.404464486359,2.0,2024-07-15
2024-07-16,Greed,0.0,0.0,496736723.47599995,2160.280774514076,3.0,2024-07-15
2024-07-17,Greed,5.297064037037037,0.4131054131054131,579454332.739859,157.94966575559937,3.0,2024-07-15
2024-07-18,Greed,63.398071849999994,0.8,2176693669.615739,3470.9845213575013,3.0,2024-07-15
2024-07-19,Greed,93.73439626086956,0.5217391304347826,642351450.193642,2672.0924875745645,3.0,2024-07-15
2024-07-20,Greed,8.643494609022557,0.12406015037593984,350917147.90102494,126.22040444560784,3.0,2024-07-15
2024-07-21,Greed,-6.608743051339286,0.046875,153913915.2695335,32.870513228268734,3.0,2024-07-15
2024-07-22,Greed,9.851427766233765,0.14285714285714285,790023102.5141339,490.8238794531178,3.0,2024-07-22
2024-07-23,Greed,242.9467627189189,0.8891891891891892,83748270.152008,21.65612424358315,3.0,2024-07-22
2024-07-24,Greed,6.9506831,0.2,96026929.28775284,102.0838745307148,3.0,2024-07-22
2024-07-25,Greed,11.753054615384617,0.1282051282051282,1683068620.1112149,2064.494990140023,3.0,2024-07-22
2024-07-26,Greed,18.200744164473683,0.40131578947368424,1286652938.3818016,809.8870250752179,3.0,2024-07-22
2024-07-27,Greed,112.2916430877193,0.7368421052631579,2942125751.874412,4938.476469196206,3.0,2024-07-22
2024-07-28,Greed,36.706189375,0.75,103427856.15260102,618.4778538100003,3.0,2024-07-22
2024-07-29,Greed,8.482165487179486,0.41025641025641024,21240094833.771755,52107.28647715294,3.0,2024-07-29
2024-07-30,Greed,0.0,0.0,118657721.898,1892.1317307832676,3.0,2024-07-29
2024-07-31,Greed,17.806764744186047,0.32558139534883723,131778402.72471079,293.21244320922017,3.0,2024-07-29
2024-08-01,Neutral,2.9312283684210527,0.07017543859649122,2248751618.242372,3774.6200836866515,2.0,2024-07-29
2024-08-02,Greed,12.418542714285714,0.2698412698412698,2697464447.828854,4096.583327282261,3.0,2024-07-29
2024-08-03,Fear,12.545667567567568,0.02702702702702703,845534197.0049349,2186.432458760242,1.0,2024-07-29
2024-08-04,Fear,-965.9212667952756,0.023622047244094488,7822870956.200063,5893.442606278256,1.0,2024-07-29
2024-08-05,Fear,-162.6708146125,0.4125,5477004934.999303,6550.278394066786,1.0,2024-08-05
2024-08-06,Extreme Fear,2.4982995140186914,0.12149532710280374,1379522550.2049139,1233.5354626853698,0.0,2024-08-05
2024-08-07,Fear,5.720886515151515,0.30303030303030304,3187.31793343,0.009240980622049028,1.0,2024-08-05
2024-08-08,Extreme Fear,-4.5235796666666666,0.0,35072167.6548447,372.84361678052625,0.0,2024-08-05
2024-08-09,Neutral,125.56993941666666,0.2986111111111111,8720496001.11143,5794.090953352741,2.0,2024-08-05
2024-08-10,Fear,0.0,0.0,20460.2741004384,0.02224515255846636,1.0,2024-08-05
2024-08-11,Fear,35.32402583333334,0.16666666666666666,109395317.92496243,436.108052923174,1.0,2024-08-05
2024-08-12,Fear,17.88896875,0.125,113183123.30452022,225.60413217115658,1.0,2024-08-12
2024-08-13,Fear,9.220913913043479,0.34782608695652173,32932331.719839968,136.99390911372603,1.0,2024-08-12
2024-08-14,Fear,86.75606052,0.2,174876763.64767382,669.2659218768164,1.0,2024-08-12
2024-08-15,Fear,0.0,0.0,49.15556233,0.00039192054988650246,1.0,2024-08-12
2024-08-16,Fear,23.578015542857145,0.08571428571428572,8686737439.837255,23746.262467957713,1.0,2024-08-12
2024-08-17,Fear,-9.609437100000001,0.0,5127.4595002,0.01635262950181089,1.0,2024-08-12
2024-08-18,Fear,20.480125866666665,0.8,166432824.3261618,1061.5839337354275,1.0,2024-08-12
2024-08-19,Fear,42.462447874999995,0.625,5867835777.49,70176.9641791088,1.0,2024-08-19
2024-08-20,Fear,16.050237,0.08333333333333333,110295497.3166993,879.3932956796681,1.0,2024-08-19
2024-08-21,Fear,4.525523620689655,0.3724137931034483,15678398.7892146,10.345233981118104,1.0,2024-08-19
2024-08-23,Fear,100.53052699999999,0.3,170436979.356,1630.6863720958186,1.0,2024-08-19
2024-08-24,Greed,0.0,0.0,1313777247.185,17956.856387195265,3.0,2024-08-19
2024-08-25,Neutral,0.0,0.0,363443144.795762,2045.4749884660923,2.0,2024-08-19
2024-08-26,Greed,38.539486333333336,0.3333333333333333,250634388.6805,3996.649118676818,3.0,2024-08-26
2024-08-27,Neutral,0.0,0.0,171284461.2063578,327.758961343209,2.0,2024-08-26
2024-08-28,Fear,148.15107166666667,0.2222222222222222,1544305808.7250001,16417.136482884835,1.0,2024-08-26
2024-08-29,Fear,0.0,0.0,607767671.7,58149.262172235634,1.0,2024-08-26
2024-08-30,Fear,42.744,0.16666666666666666,644287610.880113,10273.895476813062,1.0,2024-08-26
2024-08-31,Fear,0.3200823823529412,0.35294117647058826,3144882912.0464425,8849.773933499731,1.0,2024-08-26
2024-09-01,Fear,11.452757750000002,0.4166666666666667,537127.3154165,4.282551614481663,1.0,2024-08-26
2024-09-02,Fear,0.0,0.0,72784018.962,3481.8707852064144,1.0,2024-09-02
2024-09-04,Fear,31.346621529411763,0.14705882352941177,2890993735.961605,8135.323864816178,1.0,2024-09-02
2024-09-05,Fear,0.0,0.0,6.543599999999999e-05,6.2607066757256245e-09,1.0,2024-09-02
2024-09-06,Extreme Fear,-26.306113452380952,0.0,78329096.719907,178.43516265179497,0.0,2024-09-02
2024-09-08,Fear,0.0,0.0,0.0129316,1.2372540260378614e-06,1.0,2024-09-02
2024-09-09,Fear,0.0,0.0,46.165945,0.002208504798984367,1.0,2024-09-09
2024-09-10,Fear,-73.24321966666666,0.0,4160006.7675100006,132.6720364957803,1.0,2024-09-09
2024-09-11,Fear,0.0,0.0,8.1e-06,7.74982029362699e-10,1.0,2024-09-09
2024-09-14,Neutral,0.0,0.0,11.848961580000001,0.00010306096847484907,2.0,2024-09-09
2024-09-18,Neutral,-6.059895131034483,0.0,42537.95937553,0.028068245280371464,2.0,2024-09-16
2024-09-19,Neutral,0.0,0.0,1558.57007342,0.0078483677609032,2.0,2024-09-16
2024-09-20,Neutral,599.0646425,0.5,2607166747.2696,15590.334696650783,2.0,2024-09-16
2024-09-21,Neutral,1572.416057826087,1.0,712090.297575,2.962196370929478,2.0,2024-09-16
2024-09-22,Neutral,0.0,0.0,1254003697.74,39993.01771616765,2.0,2024-09-16
2024-09-23,Neutral,167.380398,0.5,2568042907.02,122851.05577610151,2.0,2024-09-23
2024-09-24,Neutral,0.0,0.0,23837.713651889997,0.22807160125072373,2.0,2024-09-23
2024-09-25,Greed,0.0,0.0,3170391378.6182404,33703.65355933565,3.0,2024-09-23
2024-09-26,Neutral,54.976564125,0.25,5174041830.235514,61879.46662968227,2.0,2024-09-23
2024-09-27,Greed,0.0,0.0,6607068979.0544195,11288.27099983891,3.0,2024-09-23
2024-09-28,Greed,0.0,0.0,119758.62176000001,2.8645302384334776,3.0,2024-09-23
2024-09-30,Greed,25.571946113207545,0.04716981132075472,11408166534.247154,10297.139590051816,3.0,2024-09-30
2024-10-01,Neutral,0.0,0.0,8680923206.33,207640.7247896102,2.0,2024-09-30
2024-10-02,Fear,0.0,0.0,6088318803.74,145627.7056151082,1.0,2024-09-30
2024-10-03,Fear,11.152864666666666,0.3333333333333333,7235893106.833493,76923.00581872957,1.0,2024-09-30
2024-10-04,Fear,0.0,0.0,0.00037400000000000004,3.5783120861932034e-08,1.0,2024-09-30
2024-10-05,Neutral,155.86924032432432,0.6486486486486487,37724200854.450165,97549.47525614899,2.0,2024-09-30
2024-10-06,Neutral,5.9312308636363635,0.22727272727272727,18696646967.54,81310.69253188609,2.0,2024-09-30
2024-10-07,Neutral,0.0,0.0,14011297406.8,63836.0005780493,2.0,2024-10-07
2024-10-08,Neutral,149.90407327777777,0.9166666666666666,27069077469.460884,71941.18172242424,2.0,2024-10-07
2024-10-09,Neutral,28.290194285714286,0.21428571428571427,13647943586.22,93270.82025640571,2.0,2024-10-07
2024-10-10,Fear,0.0,0.0,17830086174.36,106620.34233886817,1.0,2024-10-07
2024-10-11,Fear,341.74336450000004,0.6923076923076923,30041666363.36012,110549.62755799599,1.0,2024-10-07
2024-10-12,Neutral,54.155471,0.7,10019359241.1,95862.01676026653,2.0,2024-10-07
2024-10-13,Neutral,0.0,0.0,3761846291.85,35992.139177882185,2.0,2024-10-07
2024-10-14,Neutral,382.72391600000003,1.0,4005593581.7500005,76648.4701922671,2.0,2024-10-14
2024-10-15,Greed,167.17515371428573,0.5714285714285714,5399563873.94,73801.85129981548,3.0,2024-10-14
2024-10-16,Greed,19.95280690909091,0.2727272727272727,5421543288.22,47155.98899868076,3.0,2024-10-14
2024-10-17,Greed,4.0127733333333335,0.1111111111111111,9435936975.54,100311.13287026773,3.0,2024-10-14
2024-10-18,Greed,55.536523499999994,0.8333333333333334,8090566614.900001,129013.24555368938,3.0,2024-10-14
2024-10-19,Greed,0.0,0.0,6830495504.780001,163379.9774026913,3.0,2024-10-14
2024-10-20,Greed,4.05370621875,0.11458333333333333,8229544592.849357,8201.837923478937,3.0,2024-10-14
2024-10-21,Greed,14.248066843930635,0.3930635838150289,10157486181.234049,5617.547458757107,3.0,2024-10-21
2024-10-22,Greed,0.0,0.0,4022844136.9199996,128297.60959012742,3.0,2024-10-21
2024-10-23,Greed,-2.5827745,0.0,5011240826.363,26636.636387105667,3.0,2024-10-21
2024-10-25,Greed,441.19540236666666,0.7,27522263727.932,87774.73167295531,3.0,2024-10-21
2024-10-27,Greed,166.66557699999998,0.75,6141366472.04,146896.5633198024,3.0,2024-10-21
2024-10-28,Greed,12.867704769230771,0.3076923076923077,8273361584.441909,60889.90076317365,3.0,2024-10-28
2024-10-29,Greed,15.11643162264151,0.05660377358490566,42883846989.138626,77414.88648153302,3.0,2024-10-28
2024-10-30,Extreme Greed,0.36600091999999995,0.28,8079196.6497718,30.919665260545525,4.0,2024-10-28
2024-10-31,Extreme Greed,25.292579395833332,0.7083333333333334,60276141316.67406,120146.4154314529,4.0,2024-10-28
2024-11-01,Extreme Greed,45.238075478260875,0.2608695652173913,16198452042.576256,67383.30239661892,4.0,2024-10-28
2024-11-02,Greed,0.0,0.0,2755200000.0,131804.3510679079,3.0,2024-10-28
2024-11-03,Greed,0.0,0.0,7477029912.199391,119229.70812678781,3.0,2024-10-28
2024-11-04,Greed,77.76140205555555,0.6388888888888888,29759186126.968613,79090.6531442401,3.0,2024-11-04
2024-11-05,Greed,67.8475928,0.5,13587378122.130001,129999.677417366,3.0,2024-11-04
2024-11-06,Greed,187.85581533333334,0.4666666666666667,8887614701.266088,56689.23191260042,3.0,2024-11-04
2024-11-07,Extreme Greed,39.764187044247784,0.5309734513274337,4579587196.309364,3877.524067561744,4.0,2024-11-04
2024-11-08,Extreme Greed,-1.6516292564102582,0.15384615384615385,18311673630.970085,44923.13387640588,4.0,2024-11-04
2024-11-09,Extreme Greed,1.196615581395349,0.22093023255813954,11423858621.657476,12709.28099018759,4.0,2024-11-04
2024-11-10,Extreme Greed,5.728984589595376,0.2947976878612717,18979598472.331547,10496.572996914781,4.0,2024-11-04
2024-11-11,Extreme Greed,18.09552545844504,0.24664879356568364,30042134561.79387,7705.992257996985,4.0,2024-11-11
2024-11-12,Extreme Greed,20.435084175438597,0.19883040935672514,74666275306.31618,41776.782587425376,4.0,2024-11-11
2024-11-13,Extreme Greed,163.46671404166668,0.5625,43284113405.18915,86276.77480946165,4.0,2024-11-11
2024-11-14,Extreme Greed,41.4864475,0.2545454545454545,78896939218.1597,68623.69255420305,4.0,2024-11-11
2024-11-15,Extreme Greed,27.790204281879195,0.3691275167785235,121084141665.72404,77751.2915997542,4.0,2024-11-11
2024-11-16,Extreme Greed,17.640266936305732,0.3057324840764331,20157556086.752525,12284.142268698512,4.0,2024-11-11
2024-11-17,Extreme Greed,4.224762129186603,0.23444976076555024,57428901644.967766,26290.015205202882,4.0,2024-11-11
2024-11-18,Extreme Greed,12.921431176300578,0.3583815028901734,88935844920.1523,24592.76442564259,4.0,2024-11-18
2024-11-19,Extreme Greed,9.699242593442623,0.4918032786885246,30522041235.865746,9574.593587234656,4.0,2024-11-18
2024-11-20,Extreme Greed,7.654714358181818,0.3981818181818182,82416762634.71014,14337.039272761283,4.0,2024-11-18
2024-11-21,Extreme Greed,3.1634222261682243,0.308411214953271,17779557175.984207,3179.6093922728455,4.0,2024-11-18
2024-11-22,Extreme Greed,-26.664721085419732,0.3078055964653903,42907244750.56958,6045.990583675781,4.0,2024-11-18
2024-11-23,Extreme Greed,7.993200104683195,0.3526170798898072,6919657511.168096,1823.8309766009909,4.0,2024-11-18
2024-11-24,Extreme Greed,5.497385965116279,0.26744186046511625,50592322760.759125,28142.507151382266,4.0,2024-11-18
2024-11-25,Extreme Greed,21.66172836862745,0.4117647058823529,83960834027.78522,31502.366275399534,4.0,2024-11-25
2024-11-26,Extreme Greed,3.6251965529801327,0.2913907284768212,40988830705.79001,12985.695037845331,4.0,2024-11-25
2024-11-27,Extreme Greed,-12.462420812206572,0.3474178403755869,119171633095.48654,53530.32751336414,4.0,2024-11-25
2024-11-28,Extreme Greed,-382.75722766566264,0.32831325301204817,36543888482.40736,10531.331569574675,4.0,2024-11-25
2024-11-29,Extreme Greed,449.98726247328244,0.48854961832061067,17630365565.21897,4292.154834335327,4.0,2024-11-25
2024-11-30,Extreme Greed,100.04475474530831,0.42091152815013405,27399941969.085438,7028.25360991031,4.0,2024-11-25
2024-12-01,Extreme Greed,98.28453003365385,0.53125,58005791539.23895,13340.884983935506,4.0,2024-11-25
2024-12-02,Extreme Greed,68.48001597407408,0.4074074074074074,28913298065.55501,10245.67279854249,4.0,2024-12-02
2024-12-03,Extreme Greed,63.03887509358289,0.4304812834224599,27029846699.622597,6914.783603563797,4.0,2024-12-02
2024-12-04,Extreme Greed,918.1561599404388,0.46394984326018807,25042141706.01624,7510.820774378552,4.0,2024-12-02
2024-12-05,Extreme Greed,156.96078615789474,0.4232456140350877,82270711066.42737,17261.837399656742,4.0,2024-12-02
2024-12-06,Greed,-229.83782604218362,0.23325062034739455,154599912196.36877,36703.78142120422,3.0,2024-12-02
2024-12-07,Extreme Greed,282.5864442993421,0.4309210526315789,19728162336.40077,6208.9714437380735,4.0,2024-12-02
2024-12-08,Extreme Greed,38.014127228571425,0.3619047619047619,6462281558.234171,1472.1199518852036,4.0,2024-12-02
2024-12-09,Extreme Greed,11.708659881261596,0.31910946196660483,36659269223.17226,6507.312319917443,4.0,2024-12-09
2024-12-10,Extreme Greed,24.640206911654136,0.5870927318295739,75330868102.01047,4515.924768352199,4.0,2024-12-09
2024-12-11,Greed,261.30348420720725,0.7125307125307125,85722987973.37802,6717.199541222307,3.0,2024-12-09
2024-12-12,Extreme Greed,310.1199767122153,0.6997929606625258,43071282181.98832,2132.982495760216,4.0,2024-12-09
2024-12-13,Extreme Greed,27.22583268968457,0.40153452685422,102373345601.44612,8350.173463300564,4.0,2024-12-09
2024-12-14,Extreme Greed,135.87157833522267,0.47368421052631576,20638421589.536896,1598.8809762885235,4.0,2024-12-09
2024-12-15,Extreme Greed,57.4692488385386,0.24572775486152032,31174940808.770237,1757.6419457170443,4.0,2024-12-09
2024-12-16,Extreme Greed,158.07994704549765,0.5071090047393365,92760809972.84312,8412.376193093634,4.0,2024-12-16
2024-12-17,Extreme Greed,113.13307839876352,0.4363730036063885,26683474015.085182,1315.2958474159025,4.0,2024-12-16
2024-12-18,Extreme Greed,9.575223703988803,0.36599020293911827,184412818828.12155,12347.114927637678,4.0,2024-12-16
2024-12-19,Extreme Greed,18.79125621024259,0.6148547469302186,114793568659.46652,3289.3323127534927,4.0,2024-12-16
2024-12-20,Greed,102.47976689670418,0.5558681672025724,24782839327.938107,953.031594405501,3.0,2024-12-16
2024-12-21,Greed,89.24578415050566,0.5496728138013087,102144963231.93329,5813.74335490059,3.0,2024-12-16
2024-12-22,Greed,455.03509557235145,0.4354005167958656,17756451744.764645,2194.93588021797,3.0,2024-12-16
2024-12-23,Greed,-12.53967898466127,0.2901576480613549,36362004318.48795,1482.3178472353472,3.0,2024-12-23
2024-12-24,Greed,43.827751822485205,0.33727810650887574,91124098533.7184,25794.265032328014,3.0,2024-12-23
2024-12-25,Greed,3.637774264423076,0.30288461538461536,7288550636.193815,3352.620942040761,3.0,2024-12-23
2024-12-26,Extreme Greed,86.41124780774749,0.5136298421807748,46175032935.146034,6338.420520036299,4.0,2024-12-23
2024-12-27,Greed,10.280042442307693,0.4230769230769231,7577239912.000171,2788.3308470892357,3.0,2024-12-23
2024-12-28,Greed,5.842693310559007,0.22981366459627328,10544746098.49058,6266.381972642153,3.0,2024-12-23
2024-12-29,Greed,14.348596651741294,0.31840796019900497,7555067266.198263,3596.241853651513,3.0,2024-12-23
2024-12-30,Greed,29.637296503289473,0.39473684210526316,55443296821.625656,17449.4634037451,3.0,2024-12-30
2024-12-31,Greed,17.794159509803922,0.3006535947712418,57006395266.33432,17824.147458305466,3.0,2024-12-30
2025-01-01,Greed,-99.25068067708334,0.3020833333333333,5723543467.318613,5704.273831594904,3.0,2024-12-30
2025-01-02,Greed,24.145482235457067,0.45706371191135736,37223100920.50826,9865.337810111843,3.0,2024-12-30
2025-01-03,Greed,11.867099986220472,0.27165354330708663,45462489684.330376,8562.411907126258,3.0,2024-12-30
2025-01-04,Greed,6.882851665768194,0.20215633423180593,16514576532.570978,4258.926503370091,3.0,2024-12-30
2025-01-05,Greed,13.337737920502093,0.41841004184100417,36210711310.2971,14495.91948753597,3.0,2024-12-30
2025-01-06,Extreme Greed,10.583220581151831,0.15532286212914484,34733843902.367966,5799.690783837358,4.0,2025-01-06
2025-01-07,Extreme Greed,25.271942748822607,0.7613814756671899,49372412212.45208,7415.68932514251,4.0,2025-01-06
2025-01-08,Greed,125.23300342059672,0.37151106833493747,41493777731.07443,3820.9736417914696,3.0,2025-01-06
2025-01-09,Greed,89.99220096168582,0.2777777777777778,6940372243.004224,1272.0930337770114,3.0,2025-01-06
2025-01-10,Neutral,-12.352717401709402,0.5274725274725275,552471180693.1215,64540.50208443927,2.0,2025-01-06
2025-01-11,Greed,8.017952424028268,0.24381625441696114,148281401291.34964,50131.056707025644,3.0,2025-01-06
2025-01-12,Greed,9.538607646179402,0.7840531561461794,176557832587.37045,28060.61018794143,3.0,2025-01-06
2025-01-13,Greed,23.66526801960784,0.3872549019607843,222078324954.12878,52077.79924667745,3.0,2025-01-13
2025-01-14,Greed,58.43459038181818,0.49818181818181817,63200081978.82341,21988.295303181818,3.0,2025-01-13
2025-01-15,Greed,55.50407602996255,0.4606741573033708,161408620071.36868,57839.173227697866,3.0,2025-01-13
2025-01-16,Extreme Greed,56.08546988679245,0.3423180592991914,270926505991.61053,69868.9472634933,4.0,2025-01-13
2025-01-17,Extreme Greed,29.43872104201681,0.5294117647058824,64302936968.21393,25849.995116510087,4.0,2025-01-13
2025-01-18,Extreme Greed,0.6808495883256523,0.38095238095238093,195919431452.15146,28794.07532160864,4.0,2025-01-13
2025-01-19,Extreme Greed,56.10963580216975,0.20229738353541799,239141888787.05032,14601.358755648296,4.0,2025-01-13
2025-01-20,Extreme Greed,66.37052408593155,0.5224334600760456,607519065378.2562,44201.88313039208,4.0,2025-01-20
2025-01-21,Extreme Greed,20.901583813207548,0.3867924528301887,136542396936.49117,24648.941037011202,4.0,2025-01-20
2025-01-22,Extreme Greed,24.66875968389423,0.28125,112165066700.11458,12898.55042361961,4.0,2025-01-20
2025-01-23,Extreme Greed,83.13320374384236,0.6609195402298851,152775189428.43002,12000.854095918774,4.0,2025-01-20
2025-01-24,Extreme Greed,12.131326931350113,0.5583524027459954,64521379662.5679,7063.156446616669,4.0,2025-01-20
2025-01-25,Extreme Greed,-20.450625011857706,0.27865612648221344,43007756551.23863,8132.103267070665,4.0,2025-01-20
2025-01-26,Greed,90.51766445232816,0.43458980044345896,13104965.158737112,2.7801353626907424,3.0,2025-01-20
2025-01-27,Greed,53.469295461837,0.4760672703751617,71011270971.8719,8789.302362992637,3.0,2025-01-27
2025-01-28,Greed,36.103642516064255,0.6285140562248996,5343853000.791048,1026.6721312829081,3.0,2025-01-27
2025-01-29,Greed,25.737375241758244,0.4164835164835165,62414613.79466615,6.5622309131026295,3.0,2025-01-27
2025-01-30,Greed,21.64711470009372,0.3467666354264292,167597742070.83148,15028.317339102266,3.0,2025-01-27
2025-01-31,Extreme Greed,35.303441705708664,0.5413385826771654,85743048689.22188,8074.42911890224,4.0,2025-01-27
2025-02-01,Greed,50.946695610410096,0.5962145110410094,13670382764.457697,2062.9943094918194,3.0,2025-01-27
2025-02-02,Greed,123.46835452843062,0.35860500379075055,95880916729.97728,6954.949730393747,3.0,2025-01-27
2025-02-03,Fear,146.58459086932774,0.4634453781512605,75462008332.6501,3033.597902138296,1.0,2025-02-03
2025-02-04,Greed,165.9541752070064,0.276671974522293,744677551230.5228,28363.20082731166,3.0,2025-02-03
2025-02-05,Neutral,43.721075992289904,0.3215111796453354,180158521243.03235,13289.891811103318,2.0,2025-02-03
2025-02-06,Neutral,19.84955944392249,0.46095126247798,38261455034.336105,2149.5791789999817,2.0,2025-02-03
2025-02-07,Fear,14.730972500656167,0.2821522309711286,161278692384.0839,10125.084112373206,1.0,2025-02-03
2025-02-08,Fear,1.0203534834782608,0.19130434782608696,36579500319.08236,6086.624882524089,1.0,2025-02-03
2025-02-09,Neutral,197.05736844502616,0.4306282722513089,31213589562.75537,3908.9216894574556,2.0,2025-02-03
2025-02-10,Fear,71.88807047244094,0.4780652418447694,145372309063.6686,15645.395310489435,1.0,2025-02-10
2025-02-11,Neutral,-7.186067001179245,0.21816037735849056,89354333059.29498,10081.528413499145,2.0,2025-02-10
2025-02-12,Neutral,19.251828353055284,0.4626576139670223,223465390334.49805,20737.586868048154,2.0,2025-02-10
2025-02-13,Neutral,20.313528640875912,0.4678832116788321,99465480775.08139,6946.3783132927,2.0,2025-02-10
2025-02-14,Neutral,129.22095184773414,0.42900302114803623,152791207393.4039,8832.974523480449,2.0,2025-02-10
2025-02-15,Neutral,48.32932082618026,0.4302575107296137,57086421546.13037,5860.349549472079,2.0,2025-02-10
2025-02-16,Neutral,3.4794103157121876,0.44052863436123346,35321378769.812416,4962.461485273613,2.0,2025-02-10
2025-02-17,Neutral,1.9325964877789585,0.22422954303931988,52516775106.049614,5339.677640974377,2.0,2025-02-17
2025-02-18,Neutral,54.418062292959426,0.5119331742243437,69235000121.34825,3952.3763882973262,2.0,2025-02-17
2025-02-19,Fear,11.010870463629685,0.4276267450404115,115277802408.4276,8103.901928588769,1.0,2025-02-17
2025-02-20,Neutral,22.867193887673956,0.47912524850894633,185140946199.45847,8804.021930379857,2.0,2025-02-17
2025-02-21,Greed,63.904695114789114,0.5221569674319274,167123602359.6573,8537.026392668522,3.0,2025-02-17
2025-02-22,Neutral,36.849423,0.4970845481049563,176863351109.49527,24667.227938437925,2.0,2025-02-17
2025-02-23,Neutral,20.494104328846156,0.45,27806906127.79477,5116.299273793082,2.0,2025-02-17
2025-02-24,Neutral,6.850102607193732,0.39672364672364674,48884558697.817184,832.8201282080815,2.0,2025-02-24
2025-02-25,Fear,32.782929400256165,0.260646813960935,103100412804.37057,1579.3014619383684,1.0,2025-02-24
2025-02-26,Extreme Fear,53.76621014370748,0.6709183673469388,9593759649.848043,780.5273497372568,0.0,2025-02-24
2025-02-27,Extreme Fear,-41.039514064044944,0.27752808988764044,58866373139.360634,6328.253754579495,0.0,2025-02-24
2025-02-28,Extreme Fear,221.4211077016683,0.3886162904808636,21855875943.652462,2052.1100440169107,0.0,2025-02-24
2025-03-01,Extreme Fear,60.897177977011495,0.4482758620689655,892303252.304957,490.64778294184197,0.0,2025-02-24
2025-03-02,Fear,125.77879832330827,0.5018796992481203,147398313917.30652,26508.643006654216,1.0,2025-02-24
2025-03-03,Fear,415.9332201302294,0.6153846153846154,75666929823.48322,4884.999486033885,1.0,2025-03-03
2025-03-04,Extreme Fear,75.80165136761032,0.25353871773522063,145030202208.05884,5776.862924213568,0.0,2025-03-03
2025-03-05,Extreme Fear,162.24600356445782,0.7584337349397591,155551787156.5586,8965.47967288297,0.0,2025-03-03
2025-03-06,Fear,21.18569152763158,0.48026315789473684,60317629148.33562,7593.417583450914,1.0,2025-03-03
2025-03-07,Fear,58.86993010462382,0.5223354231974922,439962994399.6094,16494.61154864251,1.0,2025-03-03
2025-03-08,Fear,46.69333338185255,0.5689981096408318,10370582608.506922,1875.659911693203,1.0,2025-03-03
2025-03-09,Fear,13.905384947257385,0.4409282700421941,36212885609.03182,2436.5209475757288,1.0,2025-03-03
2025-03-10,Extreme Fear,-3.438690233596702,0.39745791824115423,215129577710.5694,7070.7345365207975,0.0,2025-03-10
2025-03-11,Extreme Fear,-23.3964482763238,0.18746195982958003,96778772339.0938,2817.858381107337,0.0,2025-03-10
2025-03-12,Fear,72.60735489289314,0.5645161290322581,466224094894.6243,11241.639760031596,1.0,2025-03-10
2025-03-13,Neutral,14.672422944906446,0.4573804573804574,144521420613.00104,14373.540698781311,2.0,2025-03-10
2025-03-14,Fear,31.061610899999998,0.8538461538461538,318592106040.99194,13792.701909311441,1.0,2025-03-10
2025-03-15,Neutral,301.51197154022987,0.5938697318007663,171085657005.00095,62716.195856670114,2.0,2025-03-10
2025-03-16,Fear,-14.926308575471696,0.2320754716981132,811106047042.557,146422.6905113901,1.0,2025-03-10
2025-03-17,Fear,28.439028818478263,0.4532608695652174,201739494556.79395,20980.204360470925,1.0,2025-03-17
2025-03-18,Fear,86.71797221103118,0.22541966426858512,213476173495.61514,24490.06693255994,1.0,2025-03-17
2025-03-19,Fear,18.222507655707197,0.4162531017369727,174753061180.35684,10372.092178330486,1.0,2025-03-17
2025-03-20,Neutral,13.290349463035021,0.4085603112840467,18226687570.795376,2261.8301263670533,2.0,2025-03-17
2025-03-21,Fear,9.958840077363897,0.5,145452348760.1072,19937.55640766899,1.0,2025-03-17
2025-03-22,Fear,23.361748138317758,0.4747663551401869,25318392866.06449,4527.818041662569,1.0,2025-03-17
2025-03-23,Fear,31.425999071588368,0.32662192393736017,142262554521.78772,30450.16798011894,1.0,2025-03-17
2025-03-24,Neutral,105.04280555111977,0.6153846153846154,36298756280.0222,3381.644223885177,2.0,2025-03-24
2025-03-25,Neutral,40.49419314791403,0.3615676359039191,311553924291.17126,37684.55190383864,2.0,2025-03-24
2025-03-26,Neutral,5.094186791424887,0.27111540941328177,56040601657.729324,1728.4929356374505,2.0,2025-03-24
2025-03-27,Fear,74.9367633388535,0.33375796178343947,143753257366.88574,17520.82898823425,1.0,2025-03-24
2025-03-28,Fear,29.30931227335165,0.3173076923076923,47078347682.926994,6187.232639119095,1.0,2025-03-24
2025-03-29,Fear,6.38800049155227,0.3558606124604013,39757736781.230255,2008.391120340115,1.0,2025-03-24
2025-03-30,Fear,27.8083013028169,0.16549295774647887,127635137112.49333,21499.508254526696,1.0,2025-03-24
2025-03-31,Fear,14.097342539393939,0.5232323232323233,113754810906.15466,21987.26379993062,1.0,2025-03-31
2025-04-01,Fear,-11.472199177083334,0.4583333333333333,20455503495.072906,10193.31765062203,1.0,2025-03-31
2025-04-02,Fear,187.930056633829,0.8949814126394052,71193658451.54701,6330.465590955846,1.0,2025-03-31
2025-04-03,Fear,-1.353524757437071,0.2974828375286041,138176878380.1931,7563.112524937488,1.0,2025-03-31
2025-04-04,Fear,-20.05949602987421,0.38757861635220126,76109120276.54153,5724.7457571360255,1.0,2025-03-31
2025-04-05,Fear,99.74260475,0.5805555555555556,43111752512.25058,11457.761814583811,1.0,2025-03-31
2025-04-06,Fear,44.89832945801527,0.31679389312977096,34640504418.655045,3162.4927448540225,1.0,2025-03-31
2025-04-07,Extreme Fear,12.269854408315563,0.23916133617626156,436715342762.19574,14848.444838754776,0.0,2025-04-07
2025-04-08,Extreme Fear,37.00890222481442,0.4093319194061506,617010846871.7018,62601.92951932092,0.0,2025-04-07
2025-04-09,Extreme Fear,10.86978694151752,0.43055205444920597,1198652602756.8867,28909.311280577516,0.0,2025-04-07
2025-04-10,Fear,74.40612236060178,0.5289139633286318,1839667996733.481,82752.01480449042,1.0,2025-04-07
2025-04-11,Fear,115.33437872354014,0.3357664233576642,674141027668.4792,58850.04750148389,1.0,2025-04-07
2025-04-12,Fear,194.60393292223802,0.2721669037458511,4446943824708.611,201739.84216582673,1.0,2025-04-07
2025-04-13,Neutral,36.86299888039364,0.3618470855412566,1044585583125.6934,75656.77470806516,2.0,2025-04-07
2025-04-14,Fear,51.32634052022472,0.42247191011235957,934659162539.8912,100477.74372972752,1.0,2025-04-14
2025-04-15,Fear,63.976751796640144,0.5720601237842617,1728105319292.7498,146188.83838163211,1.0,2025-04-14
2025-04-16,Fear,36.46251881654229,0.3401741293532338,3005130130368.7725,178806.72616333328,1.0,2025-04-14
2025-04-17,Fear,5.264713759456837,0.30358874878758485,91979996661.61072,8535.743132472291,1.0,2025-04-14
2025-04-18,Fear,2.576771248152059,0.5126715945089757,1864337306841.91,94178.36113216082,1.0,2025-04-14
2025-04-19,Fear,25.82576363783202,0.2921751615218952,2157616878567.3455,74096.86470887654,1.0,2025-04-14
2025-04-20,Fear,12.643966668012109,0.3985872855701312,727887956168.5815,35137.227978983356,1.0,2025-04-14
2025-04-21,Fear,20.005394590803256,0.3940628637951106,3356642752396.4614,186934.11892221827,1.0,2025-04-21
2025-04-22,Neutral,19.563963835223483,0.2961974649766511,2464720910582.866,78657.97004983523,2.0,2025-04-21
2025-04-23,Greed,-68.03380836678032,0.324728040266277,1819460679344.2063,28264.35527700721,3.0,2025-04-21
2025-04-24,Greed,22.717023281810036,0.4135304659498208,3029392269413.426,129857.76852325814,3.0,2025-04-21
2025-04-25,Greed,12.231614764670297,0.38596491228070173,2389562994884.9956,138309.5739931126,3.0,2025-04-21
2025-04-26,Greed,-3.6478814694960215,0.1724137931034483,968605737351.3998,81939.07281712253,3.0,2025-04-21
2025-04-27,Greed,8.018004356083086,0.3560830860534125,3749315651.4935555,1064.4584578216675,3.0,2025-04-21
2025-04-28,Neutral,26.763461754169686,0.4169688179840464,2395089361210.335,166174.38058136564,2.0,2025-04-28
2025-04-29,Greed,56.06313572313866,0.43201069995541685,2152780789126.4275,91828.42779622921,3.0,2025-04-28
2025-04-30,Greed,12.582028094339623,0.26504941599281223,668888198963.5183,57499.6210719009,3.0,2025-04-28
2025-05-01,Neutral,44.338885607317074,0.43089430894308944,43716812183.49729,3400.5564411557457,2.0,2025-04-28
